{
  "load_order": 1,
  "biome_colors": {
    "tes:abecean_sea": "3e8ac0",
    "tes:alesh": "5b1c0f",
    "tes:alikr_desert": "e6aa6d",
    "tes:anthallesh": "692011",
    "tes:apocrypha": "dec7b2",
    "tes:artaeum_isle": "b1666f",
    "tes:artaeum_isle_hills": "b1666a",
    "tes:ascadian_isles": "80e040",
    "tes:ashlands": "c1c1c1",
    "tes:atmora": "d8d8d2",
    "tes:atmora_mountains": "d8d8d0",
    "tes:azuras_coast": "f3ff60",
    "tes:azuras_coast_hills": "f3ef60",
    "tes:azuras_coast_island": "f3df60",
    "tes:azurian_sea": "3b729f",
    "tes:balvir_isle": "c2cf56",
    "tes:balvir_isle_beach": "c2cf55",
    "tes:balvir_isle_hills": "c2cf54",
    "tes:balvvarden_isle": "c2df56",
    "tes:bitter_coast": "595dff",
    "tes:bitter_coast_hills": "594dff",
    "tes:blackwood": "203935",
    "tes:brodir_grove": "a3fcd8",
    "tes:caerulean_ocean": "8790af",
    "tes:camidi_strait": "5e2d65",
    "tes:carcementum": "572419",
    "tes:caspar": "b1b950",
    "tes:chira": "5d1405",
    "tes:cold_harbour": "dcc3a5",
    "tes:deadlands": "bb9c7f",
    "tes:deadlands_marshes": "c9d955",
    "tes:deadlands_mountains": "615138",
    "tes:deadlands_plains": "cf9c65",
    "tes:deadlands_sea": "f9c534",
    "tes:dementia": "4b432c",
    "tes:eltheric_ocean": "3f627f",
    "tes:ephyr": "7e1e09",
    "tes:felsaad_coast": "ececd6",
    "tes:gates_of_madness": "5b5d58",
    "tes:gold_coast": "ffffb3",
    "tes:gold_coast_forest": "ffffb2",
    "tes:gold_coast_hills": "ffffb1",
    "tes:grazelands": "ffc558",
    "tes:grazelands_hills": "ffb558",
    "tes:heartlands": "8c1c13",
    "tes:herne": "b1b940",
    "tes:hirstaang_forest": "a0a040",
    "tes:hirstaang_hills": "a0a055",
    "tes:hlavan_isle": "c2ff56",
    "tes:hlavan_isle_foothills": "c2ff55",
    "tes:hlavan_isle_mountains": "c2ff54",
    "tes:iliac_bay": "1e68a1",
    "tes:inner_sea": "8d4fa4",
    "tes:isinfier_hills": "7b7a79",
    "tes:isinfier_plains": "f7dab9",
    "tes:isle_of_ngasta": "f7dab0",
    "tes:issengard": "d8d4d0",
    "tes:ixian_sea": "a5d7f8",
    "tes:khenarthis_roost": "c68a50",
    "tes:khrasjur_canyons": "a98042",
    "tes:lake_amaya": "02578c",
    "tes:lake_rumare": "1c6288",
    "tes:mania": "5a712b",
    "tes:moesring_mountains": "40ffff",
    "tes:molag_amur": "8b8b8b",
    "tes:molag_amur_lava": "8b6b8b",
    "tes:molag_amur_mountains": "8b7b8b",
    "tes:moonshadow": "dec7b0",
    "tes:moonshadow_mountains": "898874",
    "tes:moonshadow_mountains_foothills": "968677",
    "tes:naeus": "603228",
    "tes:ne_quinal_desert": "c18009",
    "tes:nibenay_bay": "07ad0f",
    "tes:padomaic_ocean": "5093cb",
    "tes:prochis": "481207",
    "tes:red_mountain": "ef6262",
    "tes:red_mountain_mountains": "ef5962",
    "tes:red_mountain_path": "ef6062",
    "tes:red_mountain_side": "ef6162",
    "tes:roscrea": "d8d6d0",
    "tes:sea_of_ghosts": "637e89",
    "tes:sea_of_mists": "7cabbe",
    "tes:sheogorad": "a053b3",
    "tes:shijoh_scrublands": "bfb41a",
    "tes:stirk_isle": "f9dc5c",
    "tes:stros_mkai_isle": "2ea180",
    "tes:synethiil": "722818",
    "tes:telvanni_isles": "c2bf56",
    "tes:the_blue_divide": "2a55c1",
    "tes:the_chain": "b1b959",
    "tes:the_fringe": "534f44",
    "tes:the_great_divide": "3c729f",
    "tes:thirsk": "feae41",
    "tes:topal_bay": "2c4a80",
    "tes:topal_island": "9194b0",
    "tes:urlis_rock": "c2ff49",
    "tes:vahn_isle": "c2ff53",
    "tes:vahn_isle_beach": "c2ff52",
    "tes:vahn_isle_foothills": "c2ff51",
    "tes:vahn_isle_mountains": "c2ff50",
    "tes:west_gash": "af9a7d",
    "tes:west_gash_hills": "af8a7d",
    "tes:west_gash_mine": "af6a7d",
    "tes:west_gash_mountains": "af7a7d",
    "tes:firemoth": "d4638c",
    "tes:molaghread": "ca4d8f",
    "tes:boethiahs_spine": "b4b09c",
    "tes:aranyon_pass": "988a7a",
    "tes:helnim_fields": "f2e3b5",
    "tes:mephalan_vales": "9eb38a",
    "tes:sacred_lands": "ea50ef",
    "tes:nedothril": "e6b459",
    "tes:lan_orethan": "56bc62",
    "tes:alt_orethan": "cbcfda",
    "tes:sundered_scar": "8b9e5d",
    "tes:aanthirin": "8cbce3",
    "tes:old_ebonheart": "83424f",
    "tes:mudflats": "a07040",
    "tes:deshaan_plains": "e9ae9e",
    "tes:salt_marsh": "aaf4b7",
    "tes:arnesian_jungle": "55b65c",
    "tes:thirr_valley": "aaf4b7",
    "tes:othreleth_woods": "e2bf47",
    "tes:shipal_shin": "b39c7d",
    "tes:armun_ashlands": "a6a6a6",
    "tes:roth_roryn": "95776e",
    "tes:ascadian_bluffs": "a0a0ff",
    "tes:clambering_moor": "bbbcff",
    "tes:grey_meadows": "d0d0d0",
    "tes:julan_shar": "7e5118",
    "tes:uld_vraech": "68deeb",
    "tes:velothi_mountains": "4040ff",
    "tes:soluthis": "83424f",
    "tes:gilded_hills": "b1926e",
    "tes:kvetchi_pass": "785964",
    "tes:west_weald": "bf6900",
    "tes:massiqueran_forest": "758173",
    "tes:colovian_highlands": "d4cb92",
    "tes:barrowlands": "701e1e",
    "tes:ruma_floodlands": "75b9be",
    "tes:jerall_mountains": "3afbf4",
    "tes:valus_mountains": "5365e0",
    "tes:ora_demergatur": "395c6b",
    "tes:niben_valley": "fed766",
    "tes:valley_of_altars": "59656f",
    "tes:marshes_of_mir": "947548",
    "tes:molaquin_ren": "bf98a0",
    "tes:topal_mangroves": "3fcbb6",
    "tes:serican_jungle": "6eb596"
  }
}