{
  "load_order": 2,
  "biome_colors": {
    "tes:b_anvil": "9e3732",
    "tes:b_chapelgate": "541e1a",
    "tes:b_castle_anvil": "3d1613",
    "tes:b_harborside": "7f2d28",
    "tes:b_westgate": "5b211d",
    "tes:b_adamantine": "b50563",
    "tes:b_whitegold": "9d3131",
    "tes:b_marketdistrict": "dd4444",
    "tes:b_arenadistrict": "601f1f",
    "tes:b_arenadistrict_arena": "8c4e44",
    "tes:b_arboretum": "9d3737",
    "tes:b_templedistrict": "b23737",
    "tes:b_noblesdistrict": "892a2a",
    "tes:b_elvengarden": "c63d3d",
    "tes:b_operadistrict": "d34141",
    "tes:b_vivec_temple": "5b5325",
    "tes:b_saint_district": "b7a74b",
    "tes:b_redoran_district": "877b37",
    "tes:b_hlaalu_district": "a19441",
    "tes:b_telvanni_district": "c4b250",
    "tes:b_foreign_district": "afa048"
  }
}