{
  "name": {
    "text": "faction.tes.an_xileel",
    "translate": true
  },
  "subtitle": {
    "text": "faction.tes.an_xileel",
    "translate": true
  },
  "region": "lotr:black_marsh",
  "ordering": 4,
  "color": "008000",
  "map_square": {
    "x": 8951,
    "z": 6163,
    "radius": 125
  },
  "types": [ "lotr:free_people", "lotr:man" ],
  "ranks": [
    {
      "name": "guest",
      "alignment": 10
    },
    {
      "name": "friend",
      "alignment": 50
    },
    {
      "name": "soldier",
      "alignment": 100,
      "is_pledge_rank": true
    },
    {
      "name": "herald",
      "alignment": 200
    },
    {
      "name": "captain",
      "alignment": 500
    },
    {
      "name": "marshal",
      "alignment": 1000
    },
    {
      "name": "lord",
      "alignment": 2000
    },
    {
      "name": "emperor",
      "alignment": 10000
    }
  ],
  "approves_civilian_kills": false,
  "areas_of_influence": {
    "isolationist": true,
	"areas": [
	  {
	    "type": "waypoint",
		"waypoint": "lotr:tasji_ree",
		"radius": 100
	  }
	]
  }
}
