{
  "name": {
    "text": "faction.tes.colovian",
    "translate": true
  },
  "subtitle": {
    "text": "faction.tes.colovian",
    "translate": true
  },
  "region": "lotr:cyrodiil",
  "ordering": 8,
  "color": "e0115f",
  "map_square": {
    "x": 7490,
    "z": 4695,
    "radius": 125
  },
  "types": [ "lotr:free_people", "lotr:man" ],
  "ranks": [
    {
      "name": "guest",
      "alignment": 10
    },
    {
      "name": "friend",
      "alignment": 50
    },
    {
      "name": "soldier",
      "alignment": 100,
      "is_pledge_rank": true
    },
    {
      "name": "herald",
      "alignment": 200
    },
    {
      "name": "captain",
      "alignment": 500
    },
    {
      "name": "marshal",
      "alignment": 1000
    },
    {
      "name": "lord",
      "alignment": 2000
    }
  ],
  "approves_civilian_kills": false,
  "areas_of_influence": {
    "isolationist": false,
	"areas": [
	  {
	    "type": "waypoint",
		"waypoint": "lotr:chorrol",
		"radius": 100
	  },
	  {
	    "type": "waypoint",
		"waypoint": "lotr:anvil",
		"radius": 100
	  },
	  {
	    "type": "waypoint",
		"waypoint": "lotr:anvil_lighthouse",
		"radius": 10
	  },
	  {
	    "type": "waypoint",
		"waypoint": "lotr:brina_cross",
		"radius": 25
	  },
	  {
	    "type": "waypoint",
		"waypoint": "lotr:bruma",
		"radius": 100
	  },
	  {
	    "type": "waypoint",
		"waypoint": "lotr:kvatch",
		"radius": 100
	  },
	  {
	    "type": "waypoint",
		"waypoint": "lotr:skingrad",
		"radius": 100
	  },
	  {
	    "type": "waypoint",
		"waypoint": "lotr:stirk",
		"radius": 100
	  }
	]
  }
}
