{
  "name": {
    "text": "faction.tes.deepwood_nibenese",
    "translate": true
  },
  "subtitle": {
    "text": "faction.tes.deepwood_nibenese",
    "translate": true
  },
  "region": "lotr:cyrodiil",
  "ordering": 9,
  "color": "ad4379",
  "map_square": {
    "x": 12070,
    "z": 5060,
    "radius": 125
  },
  "types": [ "lotr:free_people", "lotr:man" ],
  "ranks": [
    {
      "name": "guest",
      "alignment": 10
    },
    {
      "name": "friend",
      "alignment": 50
    },
    {
      "name": "soldier",
      "alignment": 100,
      "is_pledge_rank": true
    },
    {
      "name": "herald",
      "alignment": 200
    },
    {
      "name": "captain",
      "alignment": 500
    },
    {
      "name": "marshal",
      "alignment": 1000
    },
    {
      "name": "lord",
      "alignment": 2000
    }
  ],
  "approves_civilian_kills": false,
  "areas_of_influence": {
    "isolationist": true,
	"areas": [
	  {
	    "type": "waypoint",
		"waypoint": "lotr:orma",
		"radius": 15
	  }
	]
  }
}
