{
  "name": {
    "text": "faction.tes.heartlands",
    "translate": true
  },
  "subtitle": {
    "text": "faction.tes.heartlands",
    "translate": true
  },
  "region": "lotr:cyrodiil",
  "ordering": 10,
  "color": "8c1c13",
  "map_square": {
    "x": 7944,
    "z": 4809,
    "radius": 125
  },
  "types": [ "lotr:free_people", "lotr:man" ],
  "ranks": [
    {
      "name": "guest",
      "alignment": 10
    },
    {
      "name": "friend",
      "alignment": 50
    },
    {
      "name": "soldier",
      "alignment": 100,
      "is_pledge_rank": true
    },
    {
      "name": "herald",
      "alignment": 200
    },
    {
      "name": "captain",
      "alignment": 500
    },
    {
      "name": "marshal",
      "alignment": 1000
    },
    {
      "name": "lord",
      "alignment": 2000
    }
  ],
  "approves_civilian_kills": false,
  "areas_of_influence": {
    "isolationist": false,
	"areas": [
	  {
	    "type": "waypoint",
		"waypoint": "lotr:imperial_city",
		"radius": 500
	  },
	  {
	    "type": "waypoint",
		"waypoint": "lotr:quenti_turrai",
		"radius": 25
	  },
	  {
	    "type": "waypoint",
		"waypoint": "lotr:weye",
		"radius": 25
	  },
	  {
	    "type": "waypoint",
		"waypoint": "lotr:fax_aleshut",
		"radius": 25
	  }
	]
  },
  "speechbank_home_biomes": [ "tes:b_whitegold", "tes:b_templedistrict" ]
}
