{
  "name": {
    "text": "faction.tes.marahk_bazhul",
    "translate": true
  },
  "subtitle": {
    "text": "faction.tes.marahk_bazhul",
    "translate": true
  },
  "region": "lotr:morrowind",
  "ordering": 36,
  "color": "6b8e23",
  "map_square": {
    "x": 12517,
    "z": 3738,
    "radius": 50
  },
  "types": [ "lotr:free_people", "lotr:man" ],
  "ranks": [
    {
      "name": "guest",
      "alignment": 10
    },
    {
      "name": "friend",
      "alignment": 50
    },
    {
      "name": "soldier",
      "alignment": 100,
      "is_pledge_rank": true
    },
    {
      "name": "herald",
      "alignment": 200
    },
    {
      "name": "captain",
      "alignment": 500
    },
    {
      "name": "marshal",
      "alignment": 1000
    },
    {
      "name": "lord",
      "alignment": 2000
    }
  ],
  "approves_civilian_kills": true,
  "areas_of_influence": {
    "isolationist": true,
	"areas": [
	  {
	    "type": "waypoint",
		"waypoint": "lotr:marahk_bazhul_orc_camp",
		"radius": 20
	  }
	]
  }
}
