{
  "name": {
    "text": "faction.tes.southpoint",
    "translate": true
  },
  "subtitle": {
    "text": "faction.tes.southpoint",
    "translate": true
  },
  "region": "lotr:valenwood",
  "ordering": 61,
  "color": "622a0f",
  "map_square": {
    "x": 7045,
    "z": 6295,
    "radius": 50
  },
  "types": [ "lotr:free_people", "lotr:man" ],
  "ranks": [
    {
      "name": "guest",
      "alignment": 10
    },
    {
      "name": "friend",
      "alignment": 50
    },
    {
      "name": "soldier",
      "alignment": 100,
      "is_pledge_rank": true
    },
    {
      "name": "herald",
      "alignment": 200
    },
    {
      "name": "captain",
      "alignment": 500
    },
    {
      "name": "marshal",
      "alignment": 1000
    },
    {
      "name": "lord",
      "alignment": 2000
    }
  ],
  "approves_civilian_kills": false,
  "areas_of_influence": {
    "isolationist": false,
	"areas": [
	  {
	    "type": "waypoint",
		"waypoint": "lotr:southpoint",
		"radius": 50
	  }
	]
  }
}
