{
  "name": {
    "text": "faction.tes.syncretic_imperial",
    "translate": true
  },
  "subtitle": {
    "text": "faction.tes.syncretic_imperial",
    "translate": true
  },
  "region": "lotr:pan_tamrielic",
  "ordering": 3,
  "color": "8c1c13",
  "map_square": {
    "x": 7949,
    "z": 4731,
    "radius": 125
  },
  "types": [ "lotr:free_people", "lotr:man" ],
  "ranks": [
    {
      "name": "guest",
      "alignment": 10
    },
    {
      "name": "friend",
      "alignment": 50
    },
    {
      "name": "soldier",
      "alignment": 100,
      "is_pledge_rank": true
    },
    {
      "name": "herald",
      "alignment": 200
    },
    {
      "name": "captain",
      "alignment": 500
    },
    {
      "name": "marshal",
      "alignment": 1000
    },
    {
      "name": "lord",
      "alignment": 2000
    },
    {
      "name": "emperor",
      "alignment": 10000
    }
  ],
  "approves_civilian_kills": false,
  "areas_of_influence": {
    "isolationist": false,
	"areas": [
	  {
	    "type": "waypoint",
		"waypoint": "lotr:fort_basileus",
		"radius": 50
	  },
	  {
	    "type": "waypoint",
		"waypoint": "lotr:imperial_prison",
		"radius": 50
	  },
	  {
	    "type": "waypoint",
		"waypoint": "lotr:cloud_ruler_temple",
		"radius": 50
	  },
	  {
	    "type": "waypoint",
		"waypoint": "lotr:arkmoth_fort",
		"radius": 25
	  },
	  {
	    "type": "waypoint",
		"waypoint": "lotr:fort_frostmoth",
		"radius": 25
	  },
	  {
	    "type": "waypoint",
		"waypoint": "lotr:fort_imperator",
		"radius": 25
	  }
	]
  }
}
