{
  "name": {
    "text": "faction.tes.taj_eel_xa_nith",
    "translate": true
  },
  "subtitle": {
    "text": "faction.taj_eel_xa_nith",
    "translate": true
  },
  "region": "lotr:black_marsh",
  "ordering": 7,
  "color": "ace1af",
  "map_square": {
    "x": 9737,
    "z": 5245,
    "radius": 125
  },
  "types": [ "lotr:free_people", "lotr:man" ],
  "ranks": [
    {
      "name": "guest",
      "alignment": 10
    },
    {
      "name": "friend",
      "alignment": 50
    },
    {
      "name": "soldier",
      "alignment": 100,
      "is_pledge_rank": true
    },
    {
      "name": "herald",
      "alignment": 200
    },
    {
      "name": "captain",
      "alignment": 500
    },
    {
      "name": "marshal",
      "alignment": 1000
    },
    {
      "name": "lord",
      "alignment": 2000
    }
  ],
  "approves_civilian_kills": false,
  "areas_of_influence": {
    "isolationist": true,
	"areas": [
	  {
	    "type": "waypoint",
		"waypoint": "lotr:taj_xa_thaxi",
		"radius": 25
	  }
	]
  }
}
