{
  "northern": {
    "cold_water_z": 3147.5,
    "warm_water_z": 4975,
    "ice_start_z": 3150,
    "ice_full_z": 2600,
    "sandy_start_z": 3600,
    "sandy_full_z": 4500,
    "coral_start_z": 4400,
    "coral_full_z": 4950
  },
  "southern": {
    "cold_water_z": 9882.5,
    "warm_water_z": 6900,
    "ice_start_z": 9800,
    "ice_full_z": 10240,
    "sandy_start_z": 8300,
    "sandy_full_z": 7500,
    "coral_start_z": 8000,
    "coral_full_z": 7000
  },
  
  "__equator_z_for_reference": 6480,

  "__comment": "values are in terms of pixel positions on the map image (NOT relative to the world origin)"
}