{
  "effects": {
    "mood_sound": {
      "sound": "minecraft:ambient.cave",
      "tick_delay": 6000,
      "block_search_extent": 8,
      "offset": 2.0
    },
    "sky_color": 10069160,
    "fog_color": 12638463,
    "water_color": 16777215,
    "water_fog_color": 329011
  },
  "surface_builder": {
    "config": {
      "surface_noise_paths": false,
      "underwater_noise_mixer": "none",
      "mountain_terrain_provider": {
        "layers": []
      },
      "podzol": true,
      "marsh": false,
      "surface_noise_mixer": {
        "conditions": []
      },
      "underwater_material": {
        "Name": "minecraft:gravel"
      },
      "sub_soil_layers": [],
      "rocky": true,
      "top_material": {
        "Name": "minecraft:snow_block"
      },
      "under_material": {
        "Name": "minecraft:dirt"
      },
      "under_depth": 5.0
    },
    "type": "lotr:middle_earth"
  },
  "carvers": {
    "air": [
      {
        "config": {
          "probability": 0.14285715
        },
        "type": "lotr:cave"
      },
      {
        "config": {
          "probability": 0.02
        },
        "type": "lotr:canyon"
      }
    ]
  },
  "features": [
    [],
    [],
    [
      {
        "config": {
          "feature": {
            "config": {
              "feature": {
                "config": {
                  "feature": {
                    "config": {
                      "state": {
                        "Properties": {
                          "level": "0"
                        },
                        "Name": "minecraft:water"
                      }
                    },
                    "type": "minecraft:lake"
                  },
                  "decorator": {
                    "config": {
                      "bottom_offset": 0,
                      "top_offset": 0,
                      "maximum": 62
                    },
                    "type": "minecraft:range"
                  }
                },
                "type": "minecraft:decorated"
              },
              "decorator": {
                "config": {},
                "type": "minecraft:square"
              }
            },
            "type": "minecraft:decorated"
          },
          "decorator": {
            "config": {
              "chance": 8
            },
            "type": "minecraft:chance"
          }
        },
        "type": "minecraft:decorated"
      },
      {
        "config": {
          "feature": {
            "config": {
              "feature": {
                "config": {
                  "feature": {
                    "config": {
                      "state": {
                        "Properties": {
                          "level": "0"
                        },
                        "Name": "minecraft:lava"
                      }
                    },
                    "type": "minecraft:lake"
                  },
                  "decorator": {
                    "config": {
                      "bottom_offset": 8,
                      "top_offset": 8,
                      "maximum": 62
                    },
                    "type": "minecraft:range_biased"
                  }
                },
                "type": "minecraft:decorated"
              },
              "decorator": {
                "config": {},
                "type": "minecraft:square"
              }
            },
            "type": "minecraft:decorated"
          },
          "decorator": {
            "config": {
              "chance": 16
            },
            "type": "minecraft:chance"
          }
        },
        "type": "minecraft:decorated"
      },
      {
        "config": {
          "feature": {
            "config": {
              "state_provider": {
                "state": {
                  "Name": "minecraft:stone"
                },
                "type": "minecraft:simple_state_provider"
              },
              "min_width": 1,
              "max_width": 2,
              "height_check": 3
            },
            "type": "lotr:boulder"
          },
          "decorator": {
            "config": {
              "outer": {
                "config": {
                  "count": 0,
                  "extra_chance": 0.0125,
                  "extra_count": 2
                },
                "type": "minecraft:count_extra"
              },
              "inner": {
                "config": {
                  "outer": {
                    "config": {},
                    "type": "minecraft:square"
                  },
                  "inner": {
                    "config": {},
                    "type": "minecraft:heightmap"
                  }
                },
                "type": "minecraft:decorated"
              }
            },
            "type": "minecraft:decorated"
          }
        },
        "type": "minecraft:decorated"
      },
      {
        "config": {
          "feature": {
            "config": {
              "state_provider": {
                "state": {
                  "Name": "minecraft:stone"
                },
                "type": "minecraft:simple_state_provider"
              },
              "min_width": 1,
              "max_width": 2,
              "height_check": 3
            },
            "type": "lotr:boulder"
          },
          "decorator": {
            "config": {
              "outer": {
                "config": {
                  "count": 0,
                  "extra_chance": 0.0125,
                  "extra_count": 5
                },
                "type": "minecraft:count_extra"
              },
              "inner": {
                "config": {
                  "outer": {
                    "config": {},
                    "type": "minecraft:square"
                  },
                  "inner": {
                    "config": {},
                    "type": "minecraft:heightmap"
                  }
                },
                "type": "minecraft:decorated"
              }
            },
            "type": "minecraft:decorated"
          }
        },
        "type": "minecraft:decorated"
      }
    ],
    [],
    [],
    [],
    [
      {
        "config": {
          "feature": {
            "config": {
              "feature": {
                "config": {
                  "feature": {
                    "config": {
                      "target": {
                        "tag": "minecraft:base_stone_overworld",
                        "predicate_type": "minecraft:tag_match"
                      },
                      "state": {
                        "Name": "minecraft:dirt"
                      },
                      "size": 33
                    },
                    "type": "minecraft:ore"
                  },
                  "decorator": {
                    "config": {
                      "bottom_offset": 0,
                      "top_offset": 0,
                      "maximum": 256
                    },
                    "type": "minecraft:range"
                  }
                },
                "type": "minecraft:decorated"
              },
              "decorator": {
                "config": {},
                "type": "minecraft:square"
              }
            },
            "type": "minecraft:decorated"
          },
          "decorator": {
            "config": {
              "count": 10
            },
            "type": "minecraft:count"
          }
        },
        "type": "minecraft:decorated"
      },
      {
        "config": {
          "feature": {
            "config": {
              "feature": {
                "config": {
                  "feature": {
                    "config": {
                      "target": {
                        "tag": "minecraft:base_stone_overworld",
                        "predicate_type": "minecraft:tag_match"
                      },
                      "state": {
                        "Name": "minecraft:gravel"
                      },
                      "size": 33
                    },
                    "type": "minecraft:ore"
                  },
                  "decorator": {
                    "config": {
                      "bottom_offset": 0,
                      "top_offset": 0,
                      "maximum": 256
                    },
                    "type": "minecraft:range"
                  }
                },
                "type": "minecraft:decorated"
              },
              "decorator": {
                "config": {},
                "type": "minecraft:square"
              }
            },
            "type": "minecraft:decorated"
          },
          "decorator": {
            "config": {
              "count": 8
            },
            "type": "minecraft:count"
          }
        },
        "type": "minecraft:decorated"
      },
      {
        "config": {
          "feature": {
            "config": {
              "feature": {
                "config": {
                  "feature": {
                    "config": {
                      "target": {
                        "tag": "minecraft:base_stone_overworld",
                        "predicate_type": "minecraft:tag_match"
                      },
                      "state": {
                        "Name": "minecraft:granite"
                      },
                      "size": 61
                    },
                    "type": "minecraft:ore"
                  },
                  "decorator": {
                    "config": {
                      "bottom_offset": 0,
                      "top_offset": 0,
                      "maximum": 80
                    },
                    "type": "minecraft:range"
                  }
                },
                "type": "minecraft:decorated"
              },
              "decorator": {
                "config": {},
                "type": "minecraft:square"
              }
            },
            "type": "minecraft:decorated"
          },
          "decorator": {
            "config": {
              "count": 5
            },
            "type": "minecraft:count"
          }
        },
        "type": "minecraft:decorated"
      },
      {
        "config": {
          "feature": {
            "config": {
              "feature": {
                "config": {
                  "feature": {
                    "config": {
                      "target": {
                        "tag": "minecraft:base_stone_overworld",
                        "predicate_type": "minecraft:tag_match"
                      },
                      "state": {
                        "Name": "minecraft:packed_ice"
                      },
                      "size": 16
                    },
                    "type": "minecraft:ore"
                  },
                  "decorator": {
                    "config": {
                      "bottom_offset": 32,
                      "top_offset": 32,
                      "maximum": 256
                    },
                    "type": "minecraft:range"
                  }
                },
                "type": "minecraft:decorated"
              },
              "decorator": {
                "config": {},
                "type": "minecraft:square"
              }
            },
            "type": "minecraft:decorated"
          },
          "decorator": {
            "config": {
              "count": 40
            },
            "type": "minecraft:count"
          }
        },
        "type": "minecraft:decorated"
      },
      {
        "config": {
          "feature": {
            "config": {
              "feature": {
                "config": {
                  "feature": {
                    "config": {
                      "target": {
                        "tag": "minecraft:base_stone_overworld",
                        "predicate_type": "minecraft:tag_match"
                      },
                      "state": {
                        "Name": "minecraft:coal_ore"
                      },
                      "size": 17
                    },
                    "type": "minecraft:ore"
                  },
                  "decorator": {
                    "config": {
                      "bottom_offset": 0,
                      "top_offset": 0,
                      "maximum": 128
                    },
                    "type": "minecraft:range"
                  }
                },
                "type": "minecraft:decorated"
              },
              "decorator": {
                "config": {},
                "type": "minecraft:square"
              }
            },
            "type": "minecraft:decorated"
          },
          "decorator": {
            "config": {
              "count": 20
            },
            "type": "minecraft:count"
          }
        },
        "type": "minecraft:decorated"
      },
      {
        "config": {
          "feature": {
            "config": {
              "feature": {
                "config": {
                  "feature": {
                    "config": {
                      "target": {
                        "tag": "minecraft:base_stone_overworld",
                        "predicate_type": "minecraft:tag_match"
                      },
                      "state": {
                        "Name": "minecraft:iron_ore"
                      },
                      "size": 9
                    },
                    "type": "minecraft:ore"
                  },
                  "decorator": {
                    "config": {
                      "bottom_offset": 0,
                      "top_offset": 0,
                      "maximum": 64
                    },
                    "type": "minecraft:range"
                  }
                },
                "type": "minecraft:decorated"
              },
              "decorator": {
                "config": {},
                "type": "minecraft:square"
              }
            },
            "type": "minecraft:decorated"
          },
          "decorator": {
            "config": {
              "count": 20
            },
            "type": "minecraft:count"
          }
        },
        "type": "minecraft:decorated"
      },
      {
        "config": {
          "feature": {
            "config": {
              "feature": {
                "config": {
                  "feature": {
                    "config": {
                      "target": {
                        "tag": "minecraft:base_stone_overworld",
                        "predicate_type": "minecraft:tag_match"
                      },
                      "state": {
                        "Name": "lotr:copper_ore"
                      },
                      "size": 9
                    },
                    "type": "minecraft:ore"
                  },
                  "decorator": {
                    "config": {
                      "bottom_offset": 0,
                      "top_offset": 0,
                      "maximum": 128
                    },
                    "type": "minecraft:range"
                  }
                },
                "type": "minecraft:decorated"
              },
              "decorator": {
                "config": {},
                "type": "minecraft:square"
              }
            },
            "type": "minecraft:decorated"
          },
          "decorator": {
            "config": {
              "count": 16
            },
            "type": "minecraft:count"
          }
        },
        "type": "minecraft:decorated"
      },
      {
        "config": {
          "feature": {
            "config": {
              "feature": {
                "config": {
                  "feature": {
                    "config": {
                      "target": {
                        "tag": "minecraft:base_stone_overworld",
                        "predicate_type": "minecraft:tag_match"
                      },
                      "state": {
                        "Name": "lotr:tin_ore"
                      },
                      "size": 9
                    },
                    "type": "minecraft:ore"
                  },
                  "decorator": {
                    "config": {
                      "bottom_offset": 0,
                      "top_offset": 0,
                      "maximum": 128
                    },
                    "type": "minecraft:range"
                  }
                },
                "type": "minecraft:decorated"
              },
              "decorator": {
                "config": {},
                "type": "minecraft:square"
              }
            },
            "type": "minecraft:decorated"
          },
          "decorator": {
            "config": {
              "count": 16
            },
            "type": "minecraft:count"
          }
        },
        "type": "minecraft:decorated"
      },
      {
        "config": {
          "feature": {
            "config": {
              "feature": {
                "config": {
                  "feature": {
                    "config": {
                      "target": {
                        "tag": "minecraft:base_stone_overworld",
                        "predicate_type": "minecraft:tag_match"
                      },
                      "state": {
                        "Name": "minecraft:gold_ore"
                      },
                      "size": 9
                    },
                    "type": "minecraft:ore"
                  },
                  "decorator": {
                    "config": {
                      "bottom_offset": 0,
                      "top_offset": 0,
                      "maximum": 32
                    },
                    "type": "minecraft:range"
                  }
                },
                "type": "minecraft:decorated"
              },
              "decorator": {
                "config": {},
                "type": "minecraft:square"
              }
            },
            "type": "minecraft:decorated"
          },
          "decorator": {
            "config": {
              "count": 2
            },
            "type": "minecraft:count"
          }
        },
        "type": "minecraft:decorated"
      },
      {
        "config": {
          "feature": {
            "config": {
              "feature": {
                "config": {
                  "feature": {
                    "config": {
                      "target": {
                        "tag": "minecraft:base_stone_overworld",
                        "predicate_type": "minecraft:tag_match"
                      },
                      "state": {
                        "Name": "lotr:silver_ore"
                      },
                      "size": 9
                    },
                    "type": "minecraft:ore"
                  },
                  "decorator": {
                    "config": {
                      "bottom_offset": 0,
                      "top_offset": 0,
                      "maximum": 32
                    },
                    "type": "minecraft:range"
                  }
                },
                "type": "minecraft:decorated"
              },
              "decorator": {
                "config": {},
                "type": "minecraft:square"
              }
            },
            "type": "minecraft:decorated"
          },
          "decorator": {
            "config": {
              "count": 3
            },
            "type": "minecraft:count"
          }
        },
        "type": "minecraft:decorated"
      },
      {
        "config": {
          "feature": {
            "config": {
              "feature": {
                "config": {
                  "feature": {
                    "config": {
                      "target": {
                        "tag": "minecraft:base_stone_overworld",
                        "predicate_type": "minecraft:tag_match"
                      },
                      "state": {
                        "Name": "lotr:sulfur_ore"
                      },
                      "size": 9
                    },
                    "type": "minecraft:ore"
                  },
                  "decorator": {
                    "config": {
                      "bottom_offset": 0,
                      "top_offset": 0,
                      "maximum": 64
                    },
                    "type": "minecraft:range"
                  }
                },
                "type": "minecraft:decorated"
              },
              "decorator": {
                "config": {},
                "type": "minecraft:square"
              }
            },
            "type": "minecraft:decorated"
          },
          "decorator": {
            "config": {
              "count": 2
            },
            "type": "minecraft:count"
          }
        },
        "type": "minecraft:decorated"
      },
      {
        "config": {
          "feature": {
            "config": {
              "feature": {
                "config": {
                  "feature": {
                    "config": {
                      "target": {
                        "tag": "minecraft:base_stone_overworld",
                        "predicate_type": "minecraft:tag_match"
                      },
                      "state": {
                        "Name": "lotr:niter_ore"
                      },
                      "size": 9
                    },
                    "type": "minecraft:ore"
                  },
                  "decorator": {
                    "config": {
                      "bottom_offset": 0,
                      "top_offset": 0,
                      "maximum": 64
                    },
                    "type": "minecraft:range"
                  }
                },
                "type": "minecraft:decorated"
              },
              "decorator": {
                "config": {},
                "type": "minecraft:square"
              }
            },
            "type": "minecraft:decorated"
          },
          "decorator": {
            "config": {
              "count": 2
            },
            "type": "minecraft:count"
          }
        },
        "type": "minecraft:decorated"
      },
      {
        "config": {
          "feature": {
            "config": {
              "feature": {
                "config": {
                  "feature": {
                    "config": {
                      "target": {
                        "tag": "minecraft:base_stone_overworld",
                        "predicate_type": "minecraft:tag_match"
                      },
                      "state": {
                        "Name": "lotr:salt_ore"
                      },
                      "size": 13
                    },
                    "type": "minecraft:ore"
                  },
                  "decorator": {
                    "config": {
                      "bottom_offset": 0,
                      "top_offset": 0,
                      "maximum": 64
                    },
                    "type": "minecraft:range"
                  }
                },
                "type": "minecraft:decorated"
              },
              "decorator": {
                "config": {},
                "type": "minecraft:square"
              }
            },
            "type": "minecraft:decorated"
          },
          "decorator": {
            "config": {
              "count": 2
            },
            "type": "minecraft:count"
          }
        },
        "type": "minecraft:decorated"
      },
      {
        "config": {
          "feature": {
            "config": {
              "state": {
                "Name": "minecraft:sand"
              },
              "radius": {
                "base": 2,
                "spread": 4
              },
              "half_height": 2,
              "targets": [
                {
                  "Name": "minecraft:dirt"
                },
                {
                  "Name": "minecraft:coarse_dirt"
                },
                {
                  "Properties": {
                    "snowy": "false"
                  },
                  "Name": "minecraft:grass_block"
                }
              ]
            },
            "type": "minecraft:disk"
          },
          "decorator": {
            "config": {
              "outer": {
                "config": {
                  "count": 3
                },
                "type": "minecraft:count"
              },
              "inner": {
                "config": {
                  "outer": {
                    "config": {},
                    "type": "minecraft:square"
                  },
                  "inner": {
                    "config": {},
                    "type": "minecraft:top_solid_heightmap"
                  }
                },
                "type": "minecraft:decorated"
              }
            },
            "type": "minecraft:decorated"
          }
        },
        "type": "minecraft:decorated"
      },
      {
        "config": {
          "feature": {
            "config": {
              "state": {
                "Name": "minecraft:clay"
              },
              "radius": {
                "base": 2,
                "spread": 1
              },
              "half_height": 1,
              "targets": [
                {
                  "Name": "minecraft:dirt"
                },
                {
                  "Name": "minecraft:coarse_dirt"
                },
                {
                  "Name": "minecraft:clay"
                }
              ]
            },
            "type": "minecraft:disk"
          },
          "decorator": {
            "config": {
              "outer": {
                "config": {
                  "count": 1
                },
                "type": "minecraft:count"
              },
              "inner": {
                "config": {
                  "outer": {
                    "config": {},
                    "type": "minecraft:square"
                  },
                  "inner": {
                    "config": {},
                    "type": "minecraft:top_solid_heightmap"
                  }
                },
                "type": "minecraft:decorated"
              }
            },
            "type": "minecraft:decorated"
          }
        },
        "type": "minecraft:decorated"
      },
      {
        "config": {
          "feature": {
            "config": {
              "state": {
                "Name": "minecraft:gravel"
              },
              "radius": {
                "base": 2,
                "spread": 3
              },
              "half_height": 2,
              "targets": [
                {
                  "Name": "minecraft:dirt"
                },
                {
                  "Name": "minecraft:coarse_dirt"
                },
                {
                  "Properties": {
                    "snowy": "false"
                  },
                  "Name": "minecraft:grass_block"
                }
              ]
            },
            "type": "minecraft:disk"
          },
          "decorator": {
            "config": {
              "outer": {
                "config": {
                  "count": 1
                },
                "type": "minecraft:count"
              },
              "inner": {
                "config": {
                  "outer": {
                    "config": {},
                    "type": "minecraft:square"
                  },
                  "inner": {
                    "config": {},
                    "type": "minecraft:top_solid_heightmap"
                  }
                },
                "type": "minecraft:decorated"
              }
            },
            "type": "minecraft:decorated"
          }
        },
        "type": "minecraft:decorated"
      }
    ],
    [
      {
        "config": {
          "feature": {
            "config": {
              "feature": {
                "config": {
                  "feature": {
                    "config": {
                      "yspread": 4,
                      "zspread": 8,
                      "doubleChance": 0.33,
                      "tries": 64,
                      "xspread": 8
                    },
                    "type": "lotr:dripstone"
                  },
                  "decorator": {
                    "config": {
                      "bottom_offset": 0,
                      "top_offset": 0,
                      "maximum": 60
                    },
                    "type": "minecraft:range"
                  }
                },
                "type": "minecraft:decorated"
              },
              "decorator": {
                "config": {},
                "type": "minecraft:square"
              }
            },
            "type": "minecraft:decorated"
          },
          "decorator": {
            "config": {
              "count": 3
            },
            "type": "minecraft:count"
          }
        },
        "type": "minecraft:decorated"
      },
      {
        "config": {
          "feature": {
            "config": {
              "feature": {
                "config": {
                  "feature": {
                    "config": {
                      "yspread": 4,
                      "zspread": 8,
                      "doubleChance": 0.33,
                      "forced_blockstate": {
                        "Properties": {
                          "waterlogged": "false",
                          "type": "stalactite"
                        },
                        "Name": "lotr:ice_dripstone"
                      },
                      "tries": 64,
                      "xspread": 8
                    },
                    "type": "lotr:dripstone"
                  },
                  "decorator": {
                    "config": {
                      "bottom_offset": 0,
                      "top_offset": 0,
                      "maximum": 60
                    },
                    "type": "minecraft:range"
                  }
                },
                "type": "minecraft:decorated"
              },
              "decorator": {
                "config": {},
                "type": "minecraft:square"
              }
            },
            "type": "minecraft:decorated"
          },
          "decorator": {
            "config": {
              "count": 2
            },
            "type": "minecraft:count"
          }
        },
        "type": "minecraft:decorated"
      },
      {
        "config": {
          "feature": {
            "config": {
              "feature": {
                "config": {
                  "feature": {
                    "config": {
                      "xspread": 6,
                      "yspread": 4,
                      "zspread": 6,
                      "state_provider": {
                        "state": {
                          "Name": "minecraft:cobweb"
                        },
                        "type": "minecraft:simple_state_provider"
                      },
                      "tries": 64
                    },
                    "type": "lotr:cobwebs"
                  },
                  "decorator": {
                    "config": {
                      "bottom_offset": 0,
                      "top_offset": 0,
                      "maximum": 60
                    },
                    "type": "minecraft:range"
                  }
                },
                "type": "minecraft:decorated"
              },
              "decorator": {
                "config": {},
                "type": "minecraft:square"
              }
            },
            "type": "minecraft:decorated"
          },
          "decorator": {
            "config": {
              "chance": 2
            },
            "type": "minecraft:chance"
          }
        },
        "type": "minecraft:decorated"
      }
    ],
    [
      {
        "config": {
          "feature": {
            "config": {
              "can_replace": false,
              "project": false,
              "need_water": false,
              "xspread": 7,
              "yspread": 3,
              "zspread": 7,
              "whitelist": [],
              "blacklist": [],
              "tries": 64,
              "state_provider": {
                "state": {
                  "Name": "minecraft:brown_mushroom"
                },
                "type": "minecraft:simple_state_provider"
              },
              "block_placer": {
                "type": "minecraft:simple_block_placer"
              }
            },
            "type": "minecraft:random_patch"
          },
          "decorator": {
            "config": {
              "outer": {
                "config": {
                  "chance": 4
                },
                "type": "minecraft:chance"
              },
              "inner": {
                "config": {
                  "outer": {
                    "config": {},
                    "type": "minecraft:square"
                  },
                  "inner": {
                    "config": {},
                    "type": "minecraft:heightmap_spread_double"
                  }
                },
                "type": "minecraft:decorated"
              }
            },
            "type": "minecraft:decorated"
          }
        },
        "type": "minecraft:decorated"
      },
      {
        "config": {
          "feature": {
            "config": {
              "can_replace": false,
              "project": false,
              "need_water": false,
              "xspread": 7,
              "yspread": 3,
              "zspread": 7,
              "whitelist": [],
              "blacklist": [],
              "tries": 64,
              "state_provider": {
                "state": {
                  "Name": "minecraft:red_mushroom"
                },
                "type": "minecraft:simple_state_provider"
              },
              "block_placer": {
                "type": "minecraft:simple_block_placer"
              }
            },
            "type": "minecraft:random_patch"
          },
          "decorator": {
            "config": {
              "outer": {
                "config": {
                  "chance": 8
                },
                "type": "minecraft:chance"
              },
              "inner": {
                "config": {
                  "outer": {
                    "config": {},
                    "type": "minecraft:square"
                  },
                  "inner": {
                    "config": {},
                    "type": "minecraft:heightmap_spread_double"
                  }
                },
                "type": "minecraft:decorated"
              }
            },
            "type": "minecraft:decorated"
          }
        },
        "type": "minecraft:decorated"
      },
      {
        "config": {
          "feature": {
            "config": {
              "yspread": 2,
              "zspread": 5,
              "fully_grown_chance": 0.75,
              "state_provider": {
                "entries": [
                  {
                    "weight": 900,
                    "data": {
                      "Properties": {
                        "waterlogged": "false",
                        "type": "1",
                        "age": "0"
                      },
                      "Name": "lotr:reeds"
                    }
                  },
                  {
                    "weight": 100,
                    "data": {
                      "Properties": {
                        "waterlogged": "false",
                        "type": "1",
                        "age": "0"
                      },
                      "Name": "lotr:dried_reeds"
                    }
                  }
                ],
                "type": "minecraft:weighted_state_provider"
              },
              "tries": 32,
              "xspread": 5
            },
            "type": "lotr:reeds"
          },
          "decorator": {
            "config": {
              "outer": {
                "config": {
                  "count": 10
                },
                "type": "minecraft:count"
              },
              "inner": {
                "config": {
                  "outer": {
                    "config": {},
                    "type": "minecraft:square"
                  },
                  "inner": {
                    "config": {},
                    "type": "minecraft:heightmap_spread_double"
                  }
                },
                "type": "minecraft:decorated"
              }
            },
            "type": "minecraft:decorated"
          }
        },
        "type": "minecraft:decorated"
      },
      {
        "config": {
          "feature": {
            "config": {
              "can_replace": false,
              "project": false,
              "need_water": false,
              "xspread": 7,
              "yspread": 3,
              "zspread": 7,
              "whitelist": [
                {
                  "Properties": {
                    "snowy": "false"
                  },
                  "Name": "minecraft:grass_block"
                }
              ],
              "blacklist": [],
              "tries": 64,
              "state_provider": {
                "state": {
                  "Name": "minecraft:pumpkin"
                },
                "type": "minecraft:simple_state_provider"
              },
              "block_placer": {
                "type": "minecraft:simple_block_placer"
              }
            },
            "type": "minecraft:random_patch"
          },
          "decorator": {
            "config": {
              "outer": {
                "config": {
                  "chance": 32
                },
                "type": "minecraft:chance"
              },
              "inner": {
                "config": {
                  "outer": {
                    "config": {},
                    "type": "minecraft:square"
                  },
                  "inner": {
                    "config": {},
                    "type": "minecraft:heightmap_spread_double"
                  }
                },
                "type": "minecraft:decorated"
              }
            },
            "type": "minecraft:decorated"
          }
        },
        "type": "minecraft:decorated"
      },
      {
        "config": {
          "feature": {
            "config": {
              "feature": {
                "config": {
                  "feature": {
                    "config": {
                      "rock_count": 4,
                      "hole_count": 1,
                      "valid_blocks": [
                        "minecraft:stone",
                        "minecraft:granite",
                        "minecraft:diorite",
                        "minecraft:andesite",
                        "lotr:gondor_rock",
                        "lotr:mordor_rock",
                        "lotr:rohan_rock",
                        "lotr:blue_rock",
                        "lotr:red_rock",
                        "lotr:chalk",
                        "lotr:dirty_chalk"
                      ],
                      "state": {
                        "Properties": {
                          "falling": "true"
                        },
                        "Name": "minecraft:lava"
                      },
                      "requires_block_below": true
                    },
                    "type": "minecraft:spring_feature"
                  },
                  "decorator": {
                    "config": {
                      "bottom_offset": 8,
                      "top_offset": 16,
                      "maximum": 256
                    },
                    "type": "minecraft:range_very_biased"
                  }
                },
                "type": "minecraft:decorated"
              },
              "decorator": {
                "config": {},
                "type": "minecraft:square"
              }
            },
            "type": "minecraft:decorated"
          },
          "decorator": {
            "config": {
              "count": 20
            },
            "type": "minecraft:count"
          }
        },
        "type": "minecraft:decorated"
      }
    ],
    [
      {
        "config": {
          "feature": {
            "config": {},
            "type": "minecraft:freeze_top_layer"
          },
          "decorator": {
            "config": {},
            "type": "minecraft:nope"
          }
        },
        "type": "minecraft:decorated"
      }
    ]
  ],
  "starts": [],
  "spawners": {
    "monster": [],
    "creature": [
      {
        "type": "minecraft:polar_bear",
        "weight": 1,
        "minCount": 1,
        "maxCount": 2
      }
    ],
    "ambient": [],
    "water_creature": [],
    "water_ambient": [],
    "misc": [],
    "lotr:npc": []
  },
  "spawn_costs": {},
  "player_spawn_friendly": false,
  "forge:registry_name": "tes:issengard",
  "precipitation": "snow",
  "temperature": 0.0,
  "downfall": 0.2,
  "category": "icy",
  "depth": 0.1,
  "scale": 0.1
}