{
  "effects": {
    "mood_sound": {
      "sound": "minecraft:ambient.cave",
      "tick_delay": 6000,
      "block_search_extent": 8,
      "offset": 2.0
    },
    "particle": {
      "options": {
        "type": "minecraft:ash"
      },
      "probability": 0.01
    },
    "sky_color": 6313301,
    "foliage_color": 5987138,
    "grass_color": 7496538,
    "fog_color": 6701621,
    "water_color": 3884089,
    "water_fog_color": 3884089
  },
  "surface_builder": {
    "config": {
      "surface_noise_paths": false,
      "underwater_noise_mixer": "none",
      "mountain_terrain_provider": {
        "layers": [
          {
            "use_stone": false,
            "replace_stone": true,
            "top_only": false,
            "above": 100,
            "state": {
              "Properties": {
                "mossy": "false"
              },
              "Name": "lotr:mordor_rock"
            }
          }
        ]
      },
      "podzol": true,
      "marsh": false,
      "surface_noise_mixer": {
        "conditions": [
          {
            "weights": [],
            "threshold": 0.0,
            "states": [
              {
                "weight": 1,
                "data": {
                  "Properties": {
                    "mossy": "false"
                  },
                  "Name": "lotr:mordor_rock"
                }
              }
            ],
            "top_only": false,
            "noise_index": 1,
            "scales": [
              0.3,
              0.06
            ],
            "x_scales": [],
            "z_scales": []
          },
          {
            "weights": [],
            "threshold": 0.65,
            "states": [
              {
                "weight": 1,
                "data": {
                  "Name": "minecraft:coarse_dirt"
                }
              }
            ],
            "top_only": false,
            "noise_index": 2,
            "scales": [
              0.3,
              0.06
            ],
            "x_scales": [],
            "z_scales": []
          },
          {
            "weights": [],
            "threshold": 0.65,
            "states": [
              {
                "weight": 1,
                "data": {
                  "Name": "lotr:mordor_dirt"
                }
              }
            ],
            "top_only": false,
            "noise_index": 3,
            "scales": [
              0.3,
              0.06
            ],
            "x_scales": [],
            "z_scales": []
          },
          {
            "weights": [],
            "threshold": 0.1,
            "states": [
              {
                "weight": 1,
                "data": {
                  "Name": "lotr:mordor_gravel"
                }
              }
            ],
            "top_only": false,
            "noise_index": 4,
            "scales": [
              0.3,
              0.06
            ],
            "x_scales": [],
            "z_scales": []
          }
        ]
      },
      "underwater_material": {
        "Name": "lotr:mordor_gravel"
      },
      "sub_soil_layers": [
        {
          "material": {
            "Name": "lotr:mordor_dirt"
          },
          "min_depth": 3,
          "max_depth": 3
        },
        {
          "material": {
            "Properties": {
              "mossy": "false"
            },
            "Name": "lotr:mordor_rock"
          },
          "min_depth": 1000,
          "max_depth": 1000
        }
      ],
      "rocky": false,
      "top_material": {
        "Properties": {
          "snowy": "false"
        },
        "Name": "minecraft:grass_block"
      },
      "under_material": {
        "Name": "minecraft:dirt"
      },
      "under_depth": 2.0
    },
    "type": "lotr:middle_earth"
  },
  "carvers": {
    "air": [
      {
        "config": {
          "probability": 0.14285715
        },
        "type": "lotr:cave"
      },
      {
        "config": {
          "probability": 0.02
        },
        "type": "lotr:canyon"
      }
    ]
  },
  "features": [
    [],
    [],
    [
      {
        "config": {
          "feature": {
            "config": {
              "feature": {
                "config": {
                  "feature": {
                    "config": {
                      "state": {
                        "Properties": {
                          "level": "0"
                        },
                        "Name": "minecraft:water"
                      }
                    },
                    "type": "minecraft:lake"
                  },
                  "decorator": {
                    "config": {
                      "bottom_offset": 0,
                      "top_offset": 0,
                      "maximum": 62
                    },
                    "type": "minecraft:range"
                  }
                },
                "type": "minecraft:decorated"
              },
              "decorator": {
                "config": {},
                "type": "minecraft:square"
              }
            },
            "type": "minecraft:decorated"
          },
          "decorator": {
            "config": {
              "chance": 8
            },
            "type": "minecraft:chance"
          }
        },
        "type": "minecraft:decorated"
      },
      {
        "config": {
          "feature": {
            "config": {
              "feature": {
                "config": {
                  "feature": {
                    "config": {
                      "state": {
                        "Properties": {
                          "level": "0"
                        },
                        "Name": "minecraft:lava"
                      }
                    },
                    "type": "minecraft:lake"
                  },
                  "decorator": {
                    "config": {
                      "bottom_offset": 8,
                      "top_offset": 8,
                      "maximum": 62
                    },
                    "type": "minecraft:range_biased"
                  }
                },
                "type": "minecraft:decorated"
              },
              "decorator": {
                "config": {},
                "type": "minecraft:square"
              }
            },
            "type": "minecraft:decorated"
          },
          "decorator": {
            "config": {
              "chance": 16
            },
            "type": "minecraft:chance"
          }
        },
        "type": "minecraft:decorated"
      },
      {
        "config": {
          "feature": {
            "config": {
              "state_provider": {
                "state": {
                  "Properties": {
                    "mossy": "false"
                  },
                  "Name": "lotr:mordor_rock"
                },
                "type": "minecraft:simple_state_provider"
              },
              "min_width": 1,
              "max_width": 3,
              "height_check": 3
            },
            "type": "lotr:boulder"
          },
          "decorator": {
            "config": {
              "outer": {
                "config": {
                  "count": 0,
                  "extra_chance": 0.016666668,
                  "extra_count": 3
                },
                "type": "minecraft:count_extra"
              },
              "inner": {
                "config": {
                  "outer": {
                    "config": {},
                    "type": "minecraft:square"
                  },
                  "inner": {
                    "config": {},
                    "type": "minecraft:heightmap"
                  }
                },
                "type": "minecraft:decorated"
              }
            },
            "type": "minecraft:decorated"
          }
        },
        "type": "minecraft:decorated"
      },
      {
        "config": {
          "feature": {
            "config": {
              "state_provider": {
                "state": {
                  "Name": "minecraft:stone"
                },
                "type": "minecraft:simple_state_provider"
              },
              "min_width": 1,
              "max_width": 2,
              "height_check": 3
            },
            "type": "lotr:boulder"
          },
          "decorator": {
            "config": {
              "outer": {
                "config": {
                  "count": 0,
                  "extra_chance": 0.016666668,
                  "extra_count": 3
                },
                "type": "minecraft:count_extra"
              },
              "inner": {
                "config": {
                  "outer": {
                    "config": {},
                    "type": "minecraft:square"
                  },
                  "inner": {
                    "config": {},
                    "type": "minecraft:heightmap"
                  }
                },
                "type": "minecraft:decorated"
              }
            },
            "type": "minecraft:decorated"
          }
        },
        "type": "minecraft:decorated"
      },
      {
        "config": {
          "feature": {
            "config": {
              "state_provider": {
                "state": {
                  "Properties": {
                    "mossy": "false"
                  },
                  "Name": "lotr:mordor_rock"
                },
                "type": "minecraft:simple_state_provider"
              },
              "min_width": 0,
              "max_width": 1,
              "height_check": 3
            },
            "type": "lotr:boulder"
          },
          "decorator": {
            "config": {
              "outer": {
                "config": {
                  "count": 0,
                  "extra_chance": 0.083333336,
                  "extra_count": 3
                },
                "type": "minecraft:count_extra"
              },
              "inner": {
                "config": {
                  "outer": {
                    "config": {},
                    "type": "minecraft:square"
                  },
                  "inner": {
                    "config": {},
                    "type": "minecraft:heightmap"
                  }
                },
                "type": "minecraft:decorated"
              }
            },
            "type": "minecraft:decorated"
          }
        },
        "type": "minecraft:decorated"
      },
      {
        "config": {
          "feature": {
            "config": {
              "state_provider": {
                "state": {
                  "Name": "minecraft:stone"
                },
                "type": "minecraft:simple_state_provider"
              },
              "min_width": 0,
              "max_width": 1,
              "height_check": 3
            },
            "type": "lotr:boulder"
          },
          "decorator": {
            "config": {
              "outer": {
                "config": {
                  "count": 0,
                  "extra_chance": 0.041666668,
                  "extra_count": 3
                },
                "type": "minecraft:count_extra"
              },
              "inner": {
                "config": {
                  "outer": {
                    "config": {},
                    "type": "minecraft:square"
                  },
                  "inner": {
                    "config": {},
                    "type": "minecraft:heightmap"
                  }
                },
                "type": "minecraft:decorated"
              }
            },
            "type": "minecraft:decorated"
          }
        },
        "type": "minecraft:decorated"
      }
    ],
    [],
    [
      {
        "config": {
          "feature": {
            "config": {
              "table_state": {
                "Name": "lotr:mordor_crafting_table"
              },
              "base_provider": {
                "entries": [
                  {
                    "weight": 1,
                    "data": {
                      "Name": "lotr:mordor_brick"
                    }
                  }
                ],
                "type": "minecraft:weighted_state_provider"
              },
              "post_provider": {
                "entries": [
                  {
                    "weight": 1,
                    "data": {
                      "Properties": {
                        "west": "none",
                        "waterlogged": "false",
                        "up": "true",
                        "south": "none",
                        "north": "none",
                        "east": "none"
                      },
                      "Name": "lotr:mordor_brick_wall"
                    }
                  }
                ],
                "type": "minecraft:weighted_state_provider"
              },
              "torch_provider": {
                "entries": [
                  {
                    "weight": 1,
                    "data": {
                      "Properties": {
                        "half": "lower"
                      },
                      "Name": "lotr:orc_torch"
                    }
                  }
                ],
                "type": "minecraft:weighted_state_provider"
              }
            },
            "type": "lotr:crafting_monument"
          },
          "decorator": {
            "config": {
              "outer": {
                "config": {
                  "chance": 512
                },
                "type": "minecraft:chance"
              },
              "inner": {
                "config": {
                  "outer": {
                    "config": {},
                    "type": "minecraft:square"
                  },
                  "inner": {
                    "config": {},
                    "type": "minecraft:heightmap"
                  }
                },
                "type": "minecraft:decorated"
              }
            },
            "type": "minecraft:decorated"
          }
        },
        "type": "minecraft:decorated"
      }
    ],
    [],
    [
      {
        "config": {
          "feature": {
            "config": {
              "feature": {
                "config": {
                  "feature": {
                    "config": {
                      "target": {
                        "block": "lotr:mordor_rock",
                        "predicate_type": "minecraft:block_match"
                      },
                      "state": {
                        "Name": "lotr:mordor_dirt"
                      },
                      "size": 61
                    },
                    "type": "minecraft:ore"
                  },
                  "decorator": {
                    "config": {
                      "bottom_offset": 0,
                      "top_offset": 0,
                      "maximum": 256
                    },
                    "type": "minecraft:range"
                  }
                },
                "type": "minecraft:decorated"
              },
              "decorator": {
                "config": {},
                "type": "minecraft:square"
              }
            },
            "type": "minecraft:decorated"
          },
          "decorator": {
            "config": {
              "count": 10
            },
            "type": "minecraft:count"
          }
        },
        "type": "minecraft:decorated"
      },
      {
        "config": {
          "feature": {
            "config": {
              "feature": {
                "config": {
                  "feature": {
                    "config": {
                      "target": {
                        "block": "lotr:mordor_rock",
                        "predicate_type": "minecraft:block_match"
                      },
                      "state": {
                        "Name": "lotr:mordor_gravel"
                      },
                      "size": 33
                    },
                    "type": "minecraft:ore"
                  },
                  "decorator": {
                    "config": {
                      "bottom_offset": 0,
                      "top_offset": 0,
                      "maximum": 256
                    },
                    "type": "minecraft:range"
                  }
                },
                "type": "minecraft:decorated"
              },
              "decorator": {
                "config": {},
                "type": "minecraft:square"
              }
            },
            "type": "minecraft:decorated"
          },
          "decorator": {
            "config": {
              "count": 10
            },
            "type": "minecraft:count"
          }
        },
        "type": "minecraft:decorated"
      },
      {
        "config": {
          "feature": {
            "config": {
              "feature": {
                "config": {
                  "feature": {
                    "config": {
                      "target": {
                        "block": "lotr:mordor_rock",
                        "predicate_type": "minecraft:block_match"
                      },
                      "state": {
                        "Name": "lotr:durnor_ore"
                      },
                      "size": 13
                    },
                    "type": "minecraft:ore"
                  },
                  "decorator": {
                    "config": {
                      "bottom_offset": 0,
                      "top_offset": 0,
                      "maximum": 64
                    },
                    "type": "minecraft:range"
                  }
                },
                "type": "minecraft:decorated"
              },
              "decorator": {
                "config": {},
                "type": "minecraft:square"
              }
            },
            "type": "minecraft:decorated"
          },
          "decorator": {
            "config": {
              "count": 20
            },
            "type": "minecraft:count"
          }
        },
        "type": "minecraft:decorated"
      },
      {
        "config": {
          "feature": {
            "config": {
              "feature": {
                "config": {
                  "feature": {
                    "config": {
                      "target": {
                        "block": "lotr:mordor_rock",
                        "predicate_type": "minecraft:block_match"
                      },
                      "state": {
                        "Name": "lotr:morgul_iron_ore_mordor"
                      },
                      "size": 9
                    },
                    "type": "minecraft:ore"
                  },
                  "decorator": {
                    "config": {
                      "bottom_offset": 0,
                      "top_offset": 0,
                      "maximum": 64
                    },
                    "type": "minecraft:range"
                  }
                },
                "type": "minecraft:decorated"
              },
              "decorator": {
                "config": {},
                "type": "minecraft:square"
              }
            },
            "type": "minecraft:decorated"
          },
          "decorator": {
            "config": {
              "count": 20
            },
            "type": "minecraft:count"
          }
        },
        "type": "minecraft:decorated"
      },
      {
        "config": {
          "feature": {
            "config": {
              "feature": {
                "config": {
                  "feature": {
                    "config": {
                      "target": {
                        "block": "lotr:mordor_rock",
                        "predicate_type": "minecraft:block_match"
                      },
                      "state": {
                        "Name": "lotr:gulduril_ore_mordor"
                      },
                      "size": 9
                    },
                    "type": "minecraft:ore"
                  },
                  "decorator": {
                    "config": {
                      "bottom_offset": 0,
                      "top_offset": 0,
                      "maximum": 32
                    },
                    "type": "minecraft:range"
                  }
                },
                "type": "minecraft:decorated"
              },
              "decorator": {
                "config": {},
                "type": "minecraft:square"
              }
            },
            "type": "minecraft:decorated"
          },
          "decorator": {
            "config": {
              "count": 4
            },
            "type": "minecraft:count"
          }
        },
        "type": "minecraft:decorated"
      },
      {
        "config": {
          "feature": {
            "config": {
              "feature": {
                "config": {
                  "feature": {
                    "config": {
                      "xspread": 6,
                      "yspread": 4,
                      "zspread": 6,
                      "state_provider": {
                        "state": {
                          "Properties": {
                            "waterlogged": "false",
                            "facing": "up"
                          },
                          "Name": "lotr:gulduril_crystal"
                        },
                        "type": "minecraft:simple_state_provider"
                      },
                      "tries": 64
                    },
                    "type": "lotr:crystals"
                  },
                  "decorator": {
                    "config": {
                      "bottom_offset": 0,
                      "top_offset": 0,
                      "maximum": 32
                    },
                    "type": "minecraft:range"
                  }
                },
                "type": "minecraft:decorated"
              },
              "decorator": {
                "config": {},
                "type": "minecraft:square"
              }
            },
            "type": "minecraft:decorated"
          },
          "decorator": {
            "config": {
              "count": 2
            },
            "type": "minecraft:count"
          }
        },
        "type": "minecraft:decorated"
      },
      {
        "config": {
          "feature": {
            "config": {
              "state": {
                "Name": "minecraft:sand"
              },
              "radius": {
                "base": 2,
                "spread": 4
              },
              "half_height": 2,
              "targets": [
                {
                  "Name": "minecraft:dirt"
                },
                {
                  "Name": "minecraft:coarse_dirt"
                },
                {
                  "Properties": {
                    "snowy": "false"
                  },
                  "Name": "minecraft:grass_block"
                }
              ]
            },
            "type": "minecraft:disk"
          },
          "decorator": {
            "config": {
              "outer": {
                "config": {
                  "count": 3
                },
                "type": "minecraft:count"
              },
              "inner": {
                "config": {
                  "outer": {
                    "config": {},
                    "type": "minecraft:square"
                  },
                  "inner": {
                    "config": {},
                    "type": "minecraft:top_solid_heightmap"
                  }
                },
                "type": "minecraft:decorated"
              }
            },
            "type": "minecraft:decorated"
          }
        },
        "type": "minecraft:decorated"
      },
      {
        "config": {
          "feature": {
            "config": {
              "state": {
                "Name": "minecraft:clay"
              },
              "radius": {
                "base": 2,
                "spread": 1
              },
              "half_height": 1,
              "targets": [
                {
                  "Name": "minecraft:dirt"
                },
                {
                  "Name": "minecraft:coarse_dirt"
                },
                {
                  "Name": "minecraft:clay"
                }
              ]
            },
            "type": "minecraft:disk"
          },
          "decorator": {
            "config": {
              "outer": {
                "config": {
                  "count": 1
                },
                "type": "minecraft:count"
              },
              "inner": {
                "config": {
                  "outer": {
                    "config": {},
                    "type": "minecraft:square"
                  },
                  "inner": {
                    "config": {},
                    "type": "minecraft:top_solid_heightmap"
                  }
                },
                "type": "minecraft:decorated"
              }
            },
            "type": "minecraft:decorated"
          }
        },
        "type": "minecraft:decorated"
      },
      {
        "config": {
          "feature": {
            "config": {
              "state": {
                "Name": "minecraft:gravel"
              },
              "radius": {
                "base": 2,
                "spread": 3
              },
              "half_height": 2,
              "targets": [
                {
                  "Name": "minecraft:dirt"
                },
                {
                  "Name": "minecraft:coarse_dirt"
                },
                {
                  "Properties": {
                    "snowy": "false"
                  },
                  "Name": "minecraft:grass_block"
                }
              ]
            },
            "type": "minecraft:disk"
          },
          "decorator": {
            "config": {
              "outer": {
                "config": {
                  "count": 1
                },
                "type": "minecraft:count"
              },
              "inner": {
                "config": {
                  "outer": {
                    "config": {},
                    "type": "minecraft:square"
                  },
                  "inner": {
                    "config": {},
                    "type": "minecraft:top_solid_heightmap"
                  }
                },
                "type": "minecraft:decorated"
              }
            },
            "type": "minecraft:decorated"
          }
        },
        "type": "minecraft:decorated"
      }
    ],
    [
      {
        "config": {
          "feature": {
            "config": {
              "feature": {
                "config": {
                  "feature": {
                    "config": {
                      "yspread": 4,
                      "zspread": 8,
                      "doubleChance": 0.33,
                      "tries": 64,
                      "xspread": 8
                    },
                    "type": "lotr:dripstone"
                  },
                  "decorator": {
                    "config": {
                      "bottom_offset": 0,
                      "top_offset": 0,
                      "maximum": 60
                    },
                    "type": "minecraft:range"
                  }
                },
                "type": "minecraft:decorated"
              },
              "decorator": {
                "config": {},
                "type": "minecraft:square"
              }
            },
            "type": "minecraft:decorated"
          },
          "decorator": {
            "config": {
              "count": 3
            },
            "type": "minecraft:count"
          }
        },
        "type": "minecraft:decorated"
      },
      {
        "config": {
          "feature": {
            "config": {
              "feature": {
                "config": {
                  "feature": {
                    "config": {
                      "xspread": 6,
                      "yspread": 4,
                      "zspread": 6,
                      "state_provider": {
                        "state": {
                          "Name": "minecraft:cobweb"
                        },
                        "type": "minecraft:simple_state_provider"
                      },
                      "tries": 64
                    },
                    "type": "lotr:cobwebs"
                  },
                  "decorator": {
                    "config": {
                      "bottom_offset": 0,
                      "top_offset": 0,
                      "maximum": 60
                    },
                    "type": "minecraft:range"
                  }
                },
                "type": "minecraft:decorated"
              },
              "decorator": {
                "config": {},
                "type": "minecraft:square"
              }
            },
            "type": "minecraft:decorated"
          },
          "decorator": {
            "config": {
              "chance": 2
            },
            "type": "minecraft:chance"
          }
        },
        "type": "minecraft:decorated"
      }
    ],
    [
      {
        "config": {
          "feature": {
            "config": {
              "weighted_features": [
                {
                  "feature": {
                    "config": {
                      "tree_config": {
                        "max_water_depth": 0,
                        "ignore_vines": false,
                        "heightmap": "OCEAN_FLOOR",
                        "minimum_size": {
                          "limit": 1,
                          "lower_size": 0,
                          "upper_size": 1,
                          "type": "minecraft:two_layers_feature_size"
                        },
                        "decorators": [],
                        "trunk_provider": {
                          "state": {
                            "Properties": {
                              "axis": "y"
                            },
                            "Name": "lotr:charred_log"
                          },
                          "type": "minecraft:simple_state_provider"
                        },
                        "leaves_provider": {
                          "state": {
                            "Properties": {
                              "persistent": "false",
                              "distance": "7"
                            },
                            "Name": "minecraft:oak_leaves"
                          },
                          "type": "minecraft:simple_state_provider"
                        },
                        "foliage_placer": {
                          "type": "lotr:empty_foliage_placer"
                        },
                        "trunk_placer": {
                          "wood_provider": {
                            "state": {
                              "Properties": {
                                "axis": "y"
                              },
                              "Name": "lotr:charred_wood"
                            },
                            "type": "minecraft:simple_state_provider"
                          },
                          "branch_provider": {
                            "state": {
                              "Properties": {
                                "west": "false",
                                "waterlogged": "false",
                                "south": "false",
                                "north": "false",
                                "east": "false"
                              },
                              "Name": "lotr:charred_branch"
                            },
                            "type": "minecraft:simple_state_provider"
                          },
                          "base_height": 2,
                          "height_rand_a": 3,
                          "height_rand_b": 0,
                          "type": "lotr:dead_trunk_placer"
                        }
                      },
                      "alternative_soil_type": "mordor"
                    },
                    "type": "lotr:wrapped_tree"
                  },
                  "weight": 100
                },
                {
                  "feature": {
                    "config": {
                      "tree_config": {
                        "max_water_depth": 0,
                        "ignore_vines": false,
                        "heightmap": "OCEAN_FLOOR",
                        "minimum_size": {
                          "limit": 1,
                          "lower_size": 0,
                          "upper_size": 1,
                          "type": "minecraft:two_layers_feature_size"
                        },
                        "decorators": [],
                        "trunk_provider": {
                          "state": {
                            "Properties": {
                              "axis": "y"
                            },
                            "Name": "minecraft:oak_log"
                          },
                          "type": "minecraft:simple_state_provider"
                        },
                        "leaves_provider": {
                          "state": {
                            "Properties": {
                              "persistent": "false",
                              "distance": "7"
                            },
                            "Name": "minecraft:oak_leaves"
                          },
                          "type": "minecraft:simple_state_provider"
                        },
                        "foliage_placer": {
                          "type": "lotr:empty_foliage_placer"
                        },
                        "trunk_placer": {
                          "wood_provider": {
                            "state": {
                              "Properties": {
                                "axis": "y"
                              },
                              "Name": "minecraft:oak_wood"
                            },
                            "type": "minecraft:simple_state_provider"
                          },
                          "branch_provider": {
                            "state": {
                              "Properties": {
                                "west": "false",
                                "waterlogged": "false",
                                "south": "false",
                                "north": "false",
                                "east": "false"
                              },
                              "Name": "lotr:oak_branch"
                            },
                            "type": "minecraft:simple_state_provider"
                          },
                          "base_height": 2,
                          "height_rand_a": 3,
                          "height_rand_b": 0,
                          "type": "lotr:dead_trunk_placer"
                        }
                      },
                      "alternative_soil_type": "desert"
                    },
                    "type": "lotr:wrapped_tree"
                  },
                  "weight": 50
                },
                {
                  "feature": {
                    "config": {
                      "tree_config": {
                        "max_water_depth": 0,
                        "ignore_vines": true,
                        "heightmap": "OCEAN_FLOOR",
                        "minimum_size": {
                          "limit": 1,
                          "lower_size": 0,
                          "upper_size": 1,
                          "type": "minecraft:two_layers_feature_size"
                        },
                        "decorators": [],
                        "trunk_provider": {
                          "state": {
                            "Properties": {
                              "axis": "y"
                            },
                            "Name": "minecraft:oak_log"
                          },
                          "type": "minecraft:simple_state_provider"
                        },
                        "leaves_provider": {
                          "state": {
                            "Properties": {
                              "persistent": "false",
                              "distance": "7"
                            },
                            "Name": "minecraft:oak_leaves"
                          },
                          "type": "minecraft:simple_state_provider"
                        },
                        "foliage_placer": {
                          "radius": 2,
                          "offset": 0,
                          "foliage_height": 2,
                          "type": "lotr:desert_foliage_placer"
                        },
                        "trunk_placer": {
                          "wood_provider": {
                            "state": {
                              "Properties": {
                                "axis": "y"
                              },
                              "Name": "minecraft:oak_wood"
                            },
                            "type": "minecraft:simple_state_provider"
                          },
                          "base_height": 3,
                          "height_rand_a": 2,
                          "height_rand_b": 0,
                          "type": "lotr:desert_trunk_placer"
                        }
                      },
                      "alternative_soil_type": "desert"
                    },
                    "type": "lotr:wrapped_tree"
                  },
                  "weight": 20
                }
              ]
            },
            "type": "lotr:weighted_random"
          },
          "decorator": {
            "config": {
              "cluster_random_extra_count": 4,
              "layer_limit": 100,
              "is_layer_upper_limit": true,
              "cluster_chance": -1,
              "cluster_extra_count": 6,
              "count": 0,
              "extra_chance": 0.025,
              "extra_count": 5,
              "cluster_scale": 0
            },
            "type": "lotr:tree_clusters"
          }
        },
        "type": "minecraft:decorated"
      },
      {
        "config": {
          "feature": {
            "config": {},
            "type": "lotr:leaf_bushes"
          },
          "decorator": {
            "config": {
              "cluster_random_extra_count": 4,
              "layer_limit": 100,
              "is_layer_upper_limit": true,
              "cluster_chance": -1,
              "cluster_extra_count": 6,
              "count": 0,
              "extra_chance": 0.025,
              "extra_count": 5,
              "cluster_scale": 0
            },
            "type": "lotr:tree_clusters"
          }
        },
        "type": "minecraft:decorated"
      },
      {
        "config": {
          "feature": {
            "config": {},
            "type": "lotr:fallen_leaves"
          },
          "decorator": {
            "config": {
              "cluster_random_extra_count": 4,
              "layer_limit": 100,
              "is_layer_upper_limit": true,
              "cluster_chance": -1,
              "cluster_extra_count": 6,
              "count": 0,
              "extra_chance": 0.025,
              "extra_count": 5,
              "cluster_scale": 0
            },
            "type": "lotr:tree_clusters"
          }
        },
        "type": "minecraft:decorated"
      },
      {
        "config": {
          "feature": {
            "config": {
              "weighted_features": [
                {
                  "feature": {
                    "config": {
                      "can_replace": false,
                      "project": true,
                      "need_water": false,
                      "xspread": 7,
                      "yspread": 3,
                      "zspread": 7,
                      "whitelist": [],
                      "blacklist": [],
                      "tries": 32,
                      "state_provider": {
                        "state": {
                          "Name": "minecraft:grass"
                        },
                        "type": "minecraft:simple_state_provider"
                      },
                      "block_placer": {
                        "type": "minecraft:simple_block_placer"
                      }
                    },
                    "type": "minecraft:random_patch"
                  },
                  "weight": 500
                },
                {
                  "feature": {
                    "config": {
                      "can_replace": false,
                      "project": true,
                      "need_water": false,
                      "xspread": 7,
                      "yspread": 3,
                      "zspread": 7,
                      "whitelist": [],
                      "blacklist": [],
                      "tries": 32,
                      "state_provider": {
                        "state": {
                          "Name": "lotr:short_grass"
                        },
                        "type": "minecraft:simple_state_provider"
                      },
                      "block_placer": {
                        "type": "minecraft:simple_block_placer"
                      }
                    },
                    "type": "minecraft:random_patch"
                  },
                  "weight": 100
                },
                {
                  "feature": {
                    "config": {
                      "can_replace": false,
                      "project": true,
                      "need_water": false,
                      "xspread": 7,
                      "yspread": 3,
                      "zspread": 7,
                      "whitelist": [],
                      "blacklist": [],
                      "tries": 32,
                      "state_provider": {
                        "entries": [
                          {
                            "weight": 1250,
                            "data": {
                              "Properties": {
                                "clovers": "1"
                              },
                              "Name": "lotr:clover"
                            }
                          },
                          {
                            "weight": 1250,
                            "data": {
                              "Properties": {
                                "clovers": "2"
                              },
                              "Name": "lotr:clover"
                            }
                          },
                          {
                            "weight": 1250,
                            "data": {
                              "Properties": {
                                "clovers": "3"
                              },
                              "Name": "lotr:clover"
                            }
                          },
                          {
                            "weight": 1250,
                            "data": {
                              "Properties": {
                                "clovers": "4"
                              },
                              "Name": "lotr:clover"
                            }
                          },
                          {
                            "weight": 1,
                            "data": {
                              "Name": "lotr:four_leaf_clover"
                            }
                          }
                        ],
                        "type": "minecraft:weighted_state_provider"
                      },
                      "block_placer": {
                        "type": "minecraft:simple_block_placer"
                      }
                    },
                    "type": "minecraft:random_patch"
                  },
                  "weight": 250
                },
                {
                  "feature": {
                    "config": {
                      "can_replace": false,
                      "project": true,
                      "need_water": false,
                      "xspread": 7,
                      "yspread": 3,
                      "zspread": 7,
                      "whitelist": [],
                      "blacklist": [],
                      "tries": 32,
                      "state_provider": {
                        "state": {
                          "Name": "lotr:nettles"
                        },
                        "type": "minecraft:simple_state_provider"
                      },
                      "block_placer": {
                        "type": "minecraft:simple_block_placer"
                      }
                    },
                    "type": "minecraft:random_patch"
                  },
                  "weight": 10
                }
              ]
            },
            "type": "lotr:weighted_random"
          },
          "decorator": {
            "config": {
              "outer": {
                "config": {
                  "count": 2
                },
                "type": "minecraft:count"
              },
              "inner": {
                "config": {
                  "outer": {
                    "config": {},
                    "type": "minecraft:square"
                  },
                  "inner": {
                    "config": {},
                    "type": "minecraft:heightmap_spread_double"
                  }
                },
                "type": "minecraft:decorated"
              }
            },
            "type": "minecraft:decorated"
          }
        },
        "type": "minecraft:decorated"
      },
      {
        "config": {
          "feature": {
            "config": {
              "state": {
                "Name": "lotr:mordor_moss"
              },
              "min_size": 32,
              "max_size": 80
            },
            "type": "lotr:mordor_moss"
          },
          "decorator": {
            "config": {
              "outer": {
                "config": {
                  "chance": 20
                },
                "type": "minecraft:chance"
              },
              "inner": {
                "config": {
                  "outer": {
                    "config": {},
                    "type": "minecraft:square"
                  },
                  "inner": {
                    "config": {},
                    "type": "minecraft:heightmap"
                  }
                },
                "type": "minecraft:decorated"
              }
            },
            "type": "minecraft:decorated"
          }
        },
        "type": "minecraft:decorated"
      },
      {
        "config": {
          "feature": {
            "config": {
              "can_replace": false,
              "project": true,
              "need_water": false,
              "xspread": 7,
              "yspread": 3,
              "zspread": 7,
              "whitelist": [],
              "blacklist": [],
              "tries": 32,
              "state_provider": {
                "state": {
                  "Name": "lotr:mordor_grass"
                },
                "type": "minecraft:simple_state_provider"
              },
              "block_placer": {
                "type": "minecraft:simple_block_placer"
              }
            },
            "type": "minecraft:random_patch"
          },
          "decorator": {
            "config": {
              "outer": {
                "config": {
                  "count": 4
                },
                "type": "minecraft:count"
              },
              "inner": {
                "config": {
                  "outer": {
                    "config": {},
                    "type": "minecraft:square"
                  },
                  "inner": {
                    "config": {},
                    "type": "minecraft:heightmap_spread_double"
                  }
                },
                "type": "minecraft:decorated"
              }
            },
            "type": "minecraft:decorated"
          }
        },
        "type": "minecraft:decorated"
      },
      {
        "config": {
          "feature": {
            "config": {
              "can_replace": false,
              "project": true,
              "need_water": false,
              "xspread": 6,
              "yspread": 2,
              "zspread": 6,
              "whitelist": [],
              "blacklist": [],
              "tries": 160,
              "state_provider": {
                "state": {
                  "Name": "lotr:mordor_thorn"
                },
                "type": "minecraft:simple_state_provider"
              },
              "block_placer": {
                "type": "minecraft:simple_block_placer"
              }
            },
            "type": "minecraft:random_patch"
          },
          "decorator": {
            "config": {
              "outer": {
                "config": {
                  "chance": 40
                },
                "type": "minecraft:chance"
              },
              "inner": {
                "config": {
                  "outer": {
                    "config": {},
                    "type": "minecraft:square"
                  },
                  "inner": {
                    "config": {},
                    "type": "minecraft:heightmap_spread_double"
                  }
                },
                "type": "minecraft:decorated"
              }
            },
            "type": "minecraft:decorated"
          }
        },
        "type": "minecraft:decorated"
      },
      {
        "config": {
          "feature": {
            "config": {
              "can_replace": false,
              "project": false,
              "need_water": false,
              "xspread": 7,
              "yspread": 3,
              "zspread": 7,
              "whitelist": [],
              "blacklist": [],
              "tries": 64,
              "state_provider": {
                "state": {
                  "Name": "lotr:morgul_shroom"
                },
                "type": "minecraft:simple_state_provider"
              },
              "block_placer": {
                "type": "minecraft:simple_block_placer"
              }
            },
            "type": "minecraft:random_patch"
          },
          "decorator": {
            "config": {
              "outer": {
                "config": {
                  "chance": 32
                },
                "type": "minecraft:chance"
              },
              "inner": {
                "config": {
                  "outer": {
                    "config": {},
                    "type": "minecraft:square"
                  },
                  "inner": {
                    "config": {},
                    "type": "minecraft:heightmap_spread_double"
                  }
                },
                "type": "minecraft:decorated"
              }
            },
            "type": "minecraft:decorated"
          }
        },
        "type": "minecraft:decorated"
      },
      {
        "config": {
          "feature": {
            "config": {
              "can_replace": false,
              "project": false,
              "need_water": false,
              "xspread": 7,
              "yspread": 3,
              "zspread": 7,
              "whitelist": [],
              "blacklist": [],
              "tries": 64,
              "state_provider": {
                "state": {
                  "Name": "minecraft:brown_mushroom"
                },
                "type": "minecraft:simple_state_provider"
              },
              "block_placer": {
                "type": "minecraft:simple_block_placer"
              }
            },
            "type": "minecraft:random_patch"
          },
          "decorator": {
            "config": {
              "outer": {
                "config": {
                  "chance": 4
                },
                "type": "minecraft:chance"
              },
              "inner": {
                "config": {
                  "outer": {
                    "config": {},
                    "type": "minecraft:square"
                  },
                  "inner": {
                    "config": {},
                    "type": "minecraft:heightmap_spread_double"
                  }
                },
                "type": "minecraft:decorated"
              }
            },
            "type": "minecraft:decorated"
          }
        },
        "type": "minecraft:decorated"
      },
      {
        "config": {
          "feature": {
            "config": {
              "can_replace": false,
              "project": false,
              "need_water": false,
              "xspread": 7,
              "yspread": 3,
              "zspread": 7,
              "whitelist": [],
              "blacklist": [],
              "tries": 64,
              "state_provider": {
                "state": {
                  "Name": "minecraft:red_mushroom"
                },
                "type": "minecraft:simple_state_provider"
              },
              "block_placer": {
                "type": "minecraft:simple_block_placer"
              }
            },
            "type": "minecraft:random_patch"
          },
          "decorator": {
            "config": {
              "outer": {
                "config": {
                  "chance": 8
                },
                "type": "minecraft:chance"
              },
              "inner": {
                "config": {
                  "outer": {
                    "config": {},
                    "type": "minecraft:square"
                  },
                  "inner": {
                    "config": {},
                    "type": "minecraft:heightmap_spread_double"
                  }
                },
                "type": "minecraft:decorated"
              }
            },
            "type": "minecraft:decorated"
          }
        },
        "type": "minecraft:decorated"
      },
      {
        "config": {
          "feature": {
            "config": {
              "yspread": 2,
              "zspread": 5,
              "fully_grown_chance": 0.75,
              "state_provider": {
                "entries": [
                  {
                    "weight": 0,
                    "data": {
                      "Properties": {
                        "waterlogged": "false",
                        "type": "1",
                        "age": "0"
                      },
                      "Name": "lotr:reeds"
                    }
                  },
                  {
                    "weight": 1000,
                    "data": {
                      "Properties": {
                        "waterlogged": "false",
                        "type": "1",
                        "age": "0"
                      },
                      "Name": "lotr:dried_reeds"
                    }
                  }
                ],
                "type": "minecraft:weighted_state_provider"
              },
              "tries": 32,
              "xspread": 5
            },
            "type": "lotr:reeds"
          },
          "decorator": {
            "config": {
              "outer": {
                "config": {
                  "count": 10
                },
                "type": "minecraft:count"
              },
              "inner": {
                "config": {
                  "outer": {
                    "config": {},
                    "type": "minecraft:square"
                  },
                  "inner": {
                    "config": {},
                    "type": "minecraft:heightmap_spread_double"
                  }
                },
                "type": "minecraft:decorated"
              }
            },
            "type": "minecraft:decorated"
          }
        },
        "type": "minecraft:decorated"
      },
      {
        "config": {
          "feature": {
            "config": {
              "feature": {
                "config": {
                  "feature": {
                    "config": {
                      "rock_count": 4,
                      "hole_count": 1,
                      "valid_blocks": [
                        "minecraft:stone",
                        "minecraft:granite",
                        "minecraft:diorite",
                        "minecraft:andesite",
                        "lotr:gondor_rock",
                        "lotr:mordor_rock",
                        "lotr:rohan_rock",
                        "lotr:blue_rock",
                        "lotr:red_rock",
                        "lotr:chalk",
                        "lotr:dirty_chalk"
                      ],
                      "state": {
                        "Properties": {
                          "falling": "true"
                        },
                        "Name": "minecraft:water"
                      },
                      "requires_block_below": true
                    },
                    "type": "minecraft:spring_feature"
                  },
                  "decorator": {
                    "config": {
                      "bottom_offset": 8,
                      "top_offset": 8,
                      "maximum": 256
                    },
                    "type": "minecraft:range_biased"
                  }
                },
                "type": "minecraft:decorated"
              },
              "decorator": {
                "config": {},
                "type": "minecraft:square"
              }
            },
            "type": "minecraft:decorated"
          },
          "decorator": {
            "config": {
              "count": 50
            },
            "type": "minecraft:count"
          }
        },
        "type": "minecraft:decorated"
      },
      {
        "config": {
          "feature": {
            "config": {
              "feature": {
                "config": {
                  "feature": {
                    "config": {
                      "rock_count": 4,
                      "hole_count": 1,
                      "valid_blocks": [
                        "minecraft:stone",
                        "minecraft:granite",
                        "minecraft:diorite",
                        "minecraft:andesite",
                        "lotr:gondor_rock",
                        "lotr:mordor_rock",
                        "lotr:rohan_rock",
                        "lotr:blue_rock",
                        "lotr:red_rock",
                        "lotr:chalk",
                        "lotr:dirty_chalk"
                      ],
                      "state": {
                        "Properties": {
                          "falling": "true"
                        },
                        "Name": "minecraft:lava"
                      },
                      "requires_block_below": true
                    },
                    "type": "minecraft:spring_feature"
                  },
                  "decorator": {
                    "config": {
                      "bottom_offset": 8,
                      "top_offset": 16,
                      "maximum": 256
                    },
                    "type": "minecraft:range_very_biased"
                  }
                },
                "type": "minecraft:decorated"
              },
              "decorator": {
                "config": {},
                "type": "minecraft:square"
              }
            },
            "type": "minecraft:decorated"
          },
          "decorator": {
            "config": {
              "count": 20
            },
            "type": "minecraft:count"
          }
        },
        "type": "minecraft:decorated"
      }
    ],
    [
      {
        "config": {
          "feature": {
            "config": {},
            "type": "minecraft:freeze_top_layer"
          },
          "decorator": {
            "config": {},
            "type": "minecraft:nope"
          }
        },
        "type": "minecraft:decorated"
      }
    ]
  ],
  "starts": [],
  "spawners": {
    "monster": [],
    "creature": [],
    "ambient": [],
    "water_creature": [],
    "water_ambient": [],
    "misc": [],
    "lotr:npc": []
  },
  "spawn_costs": {},
  "player_spawn_friendly": false,
  "forge:registry_name": "tes:urlis_rock",
  "precipitation": "none",
  "temperature": 1.5,
  "downfall": 0.0,
  "category": "extreme_hills",
  "depth": 2.0,
  "scale": 2.0
}